{
    "bleu_score": 5.506611882449409,
    "bleu_details": "BLEU = 5.51 29.0/6.9/2.5/1.8 (BP = 1.000 ratio = 1.021 hyp_len = 534 ref_len = 523)",
    "average_prediction_length": 15.833333333333334,
    "average_reference_length": 17.4,
    "average_length_ratio": 0.953638908999265,
    "length_ratio_std_dev": 0.29848220835342154,
    "exact_match_rate": 0.0
}