{
    "model_type": "base_model",
    "bleu_score": 0.338284541990702,
    "bleu_details": "BLEU = 0.34 9.7/0.4/0.1/0.0 (BP = 1.000 ratio = 1.359 hyp_len = 711 ref_len = 523)",
    "average_prediction_length": 18.066666666666666,
    "average_reference_length": 17.4,
    "average_length_ratio": 1.1319479841536646,
    "length_ratio_std_dev": 1.4069736072297299,
    "exact_match_rate": 0.0
}